Title,Review ratings,Date
BULLMER Mens Regular Fit Printed Round Neck Cotton Tshirt Pack of 3 - Maroon/Yellow,15 ratings,2022-09-21
STYLE MINISTRY Styleministry 100% Giza Cotton Formal Shirts for Men Stylish Latest Full Sleeve Slim Fit Mens Shirt Cotton Shirts for Men Branded Shirts for Men Men Shirt Shirt for Men Stylish,149 ratings,2022-09-21
Amazon Brand - Symbol Men's Regular Fit Formal Shirt,637 ratings,2022-09-21
Amazon Brand - Symbol Men Formal Shirt,389 ratings,2022-09-21
Amazon Brand - Symbol Men's Regular Shirt,158 ratings,2022-09-21
Allen Solly Men T-Shirt,"54,881 ratings",2022-09-21
AMERICAN CREW Polo Collar Cotton Poly Striped T-Shirt for Men,"4,638 ratings",2022-09-21
Wear Your Opinion Men's Plus Size Polo Collar Neck T-Shirt Combo Pack of 2,171 ratings,2022-09-21
Wear Your Opinion Men's Plus Size Stripe Style Polo Collar Neck Half Sleeve T-Shirt,166 ratings,2022-09-21
Wear Your Opinion Men's Plus Size Half Sleeve Stripe Polo T-Shirt,133 ratings,2022-09-21
Cazibe Regular Men's T-Shirt,969 ratings,2022-09-21
